product Name,product Price(US $),formatedPrice(US $),overview-rating,reviews,orders,Stock,Color,Size,Inventory,imgUrl,storeName,storeUrl,storeNumber,followers,rating
Kliou women fashion Reflective Striped patchwork two pieces set 2019 white full sleeve crop top bottom skirts outfit tracksuit,14.44,28.88,4.8,382,1635,5713,White-29,L-361385,869,https://ae01.alicdn.com/kf/HTB1b8u6dBKw3KVjSZFOq6yrDVXan/Kliou-women-fashion-Reflective-Striped-patchwork-two-pieces-set-2019-white-full-sleeve-crop-top-bottom.jpg,kliou Official Store,https://www.aliexpress.com/store/2949156,2949156,61622,97.6%
Kliou women fashion Reflective Striped patchwork two pieces set 2019 white full sleeve crop top bottom skirts outfit tracksuit,14.44,28.88,4.8,382,1635,5713,White-29,S-100014064,816,https://ae01.alicdn.com/kf/HTB1b8u6dBKw3KVjSZFOq6yrDVXan/Kliou-women-fashion-Reflective-Striped-patchwork-two-pieces-set-2019-white-full-sleeve-crop-top-bottom.jpg,kliou Official Store,https://www.aliexpress.com/store/2949156,2949156,61622,97.6%
Kliou women fashion Reflective Striped patchwork two pieces set 2019 white full sleeve crop top bottom skirts outfit tracksuit,14.44,28.88,4.8,382,1635,5713,White-29,M-361386,788,https://ae01.alicdn.com/kf/HTB1b8u6dBKw3KVjSZFOq6yrDVXan/Kliou-women-fashion-Reflective-Striped-patchwork-two-pieces-set-2019-white-full-sleeve-crop-top-bottom.jpg,kliou Official Store,https://www.aliexpress.com/store/2949156,2949156,61622,97.6%
Kliou women fashion Reflective Striped patchwork two pieces set 2019 white full sleeve crop top bottom skirts outfit tracksuit,14.44,28.88,4.8,382,1635,5713,Green-175,L-361385,0,https://ae01.alicdn.com/kf/Hcaff152809104144885e5830e1d4ba767/Kliou-women-fashion-Reflective-Striped-patchwork-two-pieces-set-2019-white-full-sleeve-crop-top-bottom.jpg,kliou Official Store,https://www.aliexpress.com/store/2949156,2949156,61622,97.6%
Kliou women fashion Reflective Striped patchwork two pieces set 2019 white full sleeve crop top bottom skirts outfit tracksuit,14.44,28.88,4.8,382,1635,5713,Green-175,M-361386,0,https://ae01.alicdn.com/kf/Hcaff152809104144885e5830e1d4ba767/Kliou-women-fashion-Reflective-Striped-patchwork-two-pieces-set-2019-white-full-sleeve-crop-top-bottom.jpg,kliou Official Store,https://www.aliexpress.com/store/2949156,2949156,61622,97.6%
Kliou women fashion Reflective Striped patchwork two pieces set 2019 white full sleeve crop top bottom skirts outfit tracksuit,14.44,28.88,4.8,382,1635,5713,Green-175,S-100014064,0,https://ae01.alicdn.com/kf/Hcaff152809104144885e5830e1d4ba767/Kliou-women-fashion-Reflective-Striped-patchwork-two-pieces-set-2019-white-full-sleeve-crop-top-bottom.jpg,kliou Official Store,https://www.aliexpress.com/store/2949156,2949156,61622,97.6%
Kliou women fashion Reflective Striped patchwork two pieces set 2019 white full sleeve crop top bottom skirts outfit tracksuit,14.44,28.88,4.8,382,1635,5713,OG-1254,S-100014064,1082,https://ae01.alicdn.com/kf/H9fcc7e27aaa04883b07cd1f29c4e2f24W/Kliou-women-fashion-Reflective-Striped-patchwork-two-pieces-set-2019-white-full-sleeve-crop-top-bottom.jpg,kliou Official Store,https://www.aliexpress.com/store/2949156,2949156,61622,97.6%
Kliou women fashion Reflective Striped patchwork two pieces set 2019 white full sleeve crop top bottom skirts outfit tracksuit,14.44,28.88,4.8,382,1635,5713,OG-1254,L-361385,1078,https://ae01.alicdn.com/kf/H9fcc7e27aaa04883b07cd1f29c4e2f24W/Kliou-women-fashion-Reflective-Striped-patchwork-two-pieces-set-2019-white-full-sleeve-crop-top-bottom.jpg,kliou Official Store,https://www.aliexpress.com/store/2949156,2949156,61622,97.6%
Kliou women fashion Reflective Striped patchwork two pieces set 2019 white full sleeve crop top bottom skirts outfit tracksuit,14.44,28.88,4.8,382,1635,5713,OG-1254,M-361386,1080,https://ae01.alicdn.com/kf/H9fcc7e27aaa04883b07cd1f29c4e2f24W/Kliou-women-fashion-Reflective-Striped-patchwork-two-pieces-set-2019-white-full-sleeve-crop-top-bottom.jpg,kliou Official Store,https://www.aliexpress.com/store/2949156,2949156,61622,97.6%
