product Name,product Price(US $),formatedPrice(US $),overview-rating,reviews,orders,Stock,Color,Shoe Size,Inventory,imgUrl,storeName,storeUrl,storeNumber,followers,rating
Original Authentic Nike Air Jordan 1 Retro Hightop Mens Basketball Shoes OG Fashion Red White Breathable 2019 New,62.73 - 76.59,130.68 - 159.56,4.4,20,306,958,575441 302-691,9.5-200000290,13,https://ae01.alicdn.com/kf/H2337e6a562e84c0aa3fb1797dfd940d6H/Original-Authentic-Nike-Air-Jordan-1-Retro-High-top-Men-s-Basketball-Shoes-OG-Fashion-Red.jpg,SportsOnline Store,https://www.aliexpress.com/store/5304005,5304005,2594,90.9%
Original Authentic Nike Air Jordan 1 Retro Hightop Mens Basketball Shoes OG Fashion Red White Breathable 2019 New,62.73 - 76.59,130.68 - 159.56,4.4,20,306,958,575441 302-691,8.5-200000289,9,https://ae01.alicdn.com/kf/H2337e6a562e84c0aa3fb1797dfd940d6H/Original-Authentic-Nike-Air-Jordan-1-Retro-High-top-Men-s-Basketball-Shoes-OG-Fashion-Red.jpg,SportsOnline Store,https://www.aliexpress.com/store/5304005,5304005,2594,90.9%
Original Authentic Nike Air Jordan 1 Retro Hightop Mens Basketball Shoes OG Fashion Red White Breathable 2019 New,62.73 - 76.59,130.68 - 159.56,4.4,20,306,958,575441 302-691,8-699,9,https://ae01.alicdn.com/kf/H2337e6a562e84c0aa3fb1797dfd940d6H/Original-Authentic-Nike-Air-Jordan-1-Retro-High-top-Men-s-Basketball-Shoes-OG-Fashion-Red.jpg,SportsOnline Store,https://www.aliexpress.com/store/5304005,5304005,2594,90.9%
Original Authentic Nike Air Jordan 1 Retro Hightop Mens Basketball Shoes OG Fashion Red White Breathable 2019 New,62.73 - 76.59,130.68 - 159.56,4.4,20,306,958,575441 302-691,7-3434,9,https://ae01.alicdn.com/kf/H2337e6a562e84c0aa3fb1797dfd940d6H/Original-Authentic-Nike-Air-Jordan-1-Retro-High-top-Men-s-Basketball-Shoes-OG-Fashion-Red.jpg,SportsOnline Store,https://www.aliexpress.com/store/5304005,5304005,2594,90.9%
Original Authentic Nike Air Jordan 1 Retro Hightop Mens Basketball Shoes OG Fashion Red White Breathable 2019 New,62.73 - 76.59,130.68 - 159.56,4.4,20,306,958,575441 302-691,12-1663,10,https://ae01.alicdn.com/kf/H2337e6a562e84c0aa3fb1797dfd940d6H/Original-Authentic-Nike-Air-Jordan-1-Retro-High-top-Men-s-Basketball-Shoes-OG-Fashion-Red.jpg,SportsOnline Store,https://www.aliexpress.com/store/5304005,5304005,2594,90.9%
Original Authentic Nike Air Jordan 1 Retro Hightop Mens Basketball Shoes OG Fashion Red White Breathable 2019 New,62.73 - 76.59,130.68 - 159.56,4.4,20,306,958,575441 302-691,11-100010420,12,https://ae01.alicdn.com/kf/H2337e6a562e84c0aa3fb1797dfd940d6H/Original-Authentic-Nike-Air-Jordan-1-Retro-High-top-Men-s-Basketball-Shoes-OG-Fashion-Red.jpg,SportsOnline Store,https://www.aliexpress.com/store/5304005,5304005,2594,90.9%
Original Authentic Nike Air Jordan 1 Retro Hightop Mens Basketball Shoes OG Fashion Red White Breathable 2019 New,62.73 - 76.59,130.68 - 159.56,4.4,20,306,958,575441 302-691,10-1583,8,https://ae01.alicdn.com/kf/H2337e6a562e84c0aa3fb1797dfd940d6H/Original-Authentic-Nike-Air-Jordan-1-Retro-High-top-Men-s-Basketball-Shoes-OG-Fashion-Red.jpg,SportsOnline Store,https://www.aliexpress.com/store/5304005,5304005,2594,90.9%
Original Authentic Nike Air Jordan 1 Retro Hightop Mens Basketball Shoes OG Fashion Red White Breathable 2019 New,62.73 - 76.59,130.68 - 159.56,4.4,20,306,958,555088-610-350850,12-1663,11,https://ae01.alicdn.com/kf/H6615dd0136b04fcbb4a7d9e78e8af47bN/Original-Authentic-Nike-Air-Jordan-1-Retro-High-top-Men-s-Basketball-Shoes-OG-Fashion-Red.jpg,SportsOnline Store,https://www.aliexpress.com/store/5304005,5304005,2594,90.9%
Original Authentic Nike Air Jordan 1 Retro Hightop Mens Basketball Shoes OG Fashion Red White Breathable 2019 New,62.73 - 76.59,130.68 - 159.56,4.4,20,306,958,555088-610-350850,11-100010420,9,https://ae01.alicdn.com/kf/H6615dd0136b04fcbb4a7d9e78e8af47bN/Original-Authentic-Nike-Air-Jordan-1-Retro-High-top-Men-s-Basketball-Shoes-OG-Fashion-Red.jpg,SportsOnline Store,https://www.aliexpress.com/store/5304005,5304005,2594,90.9%
Original Authentic Nike Air Jordan 1 Retro Hightop Mens Basketball Shoes OG Fashion Red White Breathable 2019 New,62.73 - 76.59,130.68 - 159.56,4.4,20,306,958,555088-610-350850,10-1583,12,https://ae01.alicdn.com/kf/H6615dd0136b04fcbb4a7d9e78e8af47bN/Original-Authentic-Nike-Air-Jordan-1-Retro-High-top-Men-s-Basketball-Shoes-OG-Fashion-Red.jpg,SportsOnline Store,https://www.aliexpress.com/store/5304005,5304005,2594,90.9%
Original Authentic Nike Air Jordan 1 Retro Hightop Mens Basketball Shoes OG Fashion Red White Breathable 2019 New,62.73 - 76.59,130.68 - 159.56,4.4,20,306,958,555088-610-350850,9.5-200000290,10,https://ae01.alicdn.com/kf/H6615dd0136b04fcbb4a7d9e78e8af47bN/Original-Authentic-Nike-Air-Jordan-1-Retro-High-top-Men-s-Basketball-Shoes-OG-Fashion-Red.jpg,SportsOnline Store,https://www.aliexpress.com/store/5304005,5304005,2594,90.9%
Original Authentic Nike Air Jordan 1 Retro Hightop Mens Basketball Shoes OG Fashion Red White Breathable 2019 New,62.73 - 76.59,130.68 - 159.56,4.4,20,306,958,555088-610-350850,8.5-200000289,13,https://ae01.alicdn.com/kf/H6615dd0136b04fcbb4a7d9e78e8af47bN/Original-Authentic-Nike-Air-Jordan-1-Retro-High-top-Men-s-Basketball-Shoes-OG-Fashion-Red.jpg,SportsOnline Store,https://www.aliexpress.com/store/5304005,5304005,2594,90.9%
Original Authentic Nike Air Jordan 1 Retro Hightop Mens Basketball Shoes OG Fashion Red White Breathable 2019 New,62.73 - 76.59,130.68 - 159.56,4.4,20,306,958,555088-610-350850,8-699,17,https://ae01.alicdn.com/kf/H6615dd0136b04fcbb4a7d9e78e8af47bN/Original-Authentic-Nike-Air-Jordan-1-Retro-High-top-Men-s-Basketball-Shoes-OG-Fashion-Red.jpg,SportsOnline Store,https://www.aliexpress.com/store/5304005,5304005,2594,90.9%
Original Authentic Nike Air Jordan 1 Retro Hightop Mens Basketball Shoes OG Fashion Red White Breathable 2019 New,62.73 - 76.59,130.68 - 159.56,4.4,20,306,958,555088-610-350850,7-3434,12,https://ae01.alicdn.com/kf/H6615dd0136b04fcbb4a7d9e78e8af47bN/Original-Authentic-Nike-Air-Jordan-1-Retro-High-top-Men-s-Basketball-Shoes-OG-Fashion-Red.jpg,SportsOnline Store,https://www.aliexpress.com/store/5304005,5304005,2594,90.9%
Original Authentic Nike Air Jordan 1 Retro Hightop Mens Basketball Shoes OG Fashion Red White Breathable 2019 New,62.73 - 76.59,130.68 - 159.56,4.4,20,306,958,575441 117-200004890,10-1583,12,https://ae01.alicdn.com/kf/H469d9d238e8048ddbe6c33a233b94519Z/Original-Authentic-Nike-Air-Jordan-1-Retro-High-top-Men-s-Basketball-Shoes-OG-Fashion-Red.jpg,SportsOnline Store,https://www.aliexpress.com/store/5304005,5304005,2594,90.9%
Original Authentic Nike Air Jordan 1 Retro Hightop Mens Basketball Shoes OG Fashion Red White Breathable 2019 New,62.73 - 76.59,130.68 - 159.56,4.4,20,306,958,575441 117-200004890,9.5-200000290,10,https://ae01.alicdn.com/kf/H469d9d238e8048ddbe6c33a233b94519Z/Original-Authentic-Nike-Air-Jordan-1-Retro-High-top-Men-s-Basketball-Shoes-OG-Fashion-Red.jpg,SportsOnline Store,https://www.aliexpress.com/store/5304005,5304005,2594,90.9%
Original Authentic Nike Air Jordan 1 Retro Hightop Mens Basketball Shoes OG Fashion Red White Breathable 2019 New,62.73 - 76.59,130.68 - 159.56,4.4,20,306,958,575441 117-200004890,8.5-200000289,9,https://ae01.alicdn.com/kf/H469d9d238e8048ddbe6c33a233b94519Z/Original-Authentic-Nike-Air-Jordan-1-Retro-High-top-Men-s-Basketball-Shoes-OG-Fashion-Red.jpg,SportsOnline Store,https://www.aliexpress.com/store/5304005,5304005,2594,90.9%
Original Authentic Nike Air Jordan 1 Retro Hightop Mens Basketball Shoes OG Fashion Red White Breathable 2019 New,62.73 - 76.59,130.68 - 159.56,4.4,20,306,958,575441 117-200004890,8-699,10,https://ae01.alicdn.com/kf/H469d9d238e8048ddbe6c33a233b94519Z/Original-Authentic-Nike-Air-Jordan-1-Retro-High-top-Men-s-Basketball-Shoes-OG-Fashion-Red.jpg,SportsOnline Store,https://www.aliexpress.com/store/5304005,5304005,2594,90.9%
Original Authentic Nike Air Jordan 1 Retro Hightop Mens Basketball Shoes OG Fashion Red White Breathable 2019 New,62.73 - 76.59,130.68 - 159.56,4.4,20,306,958,575441 117-200004890,7-3434,10,https://ae01.alicdn.com/kf/H469d9d238e8048ddbe6c33a233b94519Z/Original-Authentic-Nike-Air-Jordan-1-Retro-High-top-Men-s-Basketball-Shoes-OG-Fashion-Red.jpg,SportsOnline Store,https://www.aliexpress.com/store/5304005,5304005,2594,90.9%
Original Authentic Nike Air Jordan 1 Retro Hightop Mens Basketball Shoes OG Fashion Red White Breathable 2019 New,62.73 - 76.59,130.68 - 159.56,4.4,20,306,958,575441 117-200004890,12-1663,13,https://ae01.alicdn.com/kf/H469d9d238e8048ddbe6c33a233b94519Z/Original-Authentic-Nike-Air-Jordan-1-Retro-High-top-Men-s-Basketball-Shoes-OG-Fashion-Red.jpg,SportsOnline Store,https://www.aliexpress.com/store/5304005,5304005,2594,90.9%
Original Authentic Nike Air Jordan 1 Retro Hightop Mens Basketball Shoes OG Fashion Red White Breathable 2019 New,62.73 - 76.59,130.68 - 159.56,4.4,20,306,958,575441 117-200004890,11-100010420,9,https://ae01.alicdn.com/kf/H469d9d238e8048ddbe6c33a233b94519Z/Original-Authentic-Nike-Air-Jordan-1-Retro-High-top-Men-s-Basketball-Shoes-OG-Fashion-Red.jpg,SportsOnline Store,https://www.aliexpress.com/store/5304005,5304005,2594,90.9%
Original Authentic Nike Air Jordan 1 Retro Hightop Mens Basketball Shoes OG Fashion Red White Breathable 2019 New,62.73 - 76.59,130.68 - 159.56,4.4,20,306,958,555088 081-175,11-100010420,9,https://ae01.alicdn.com/kf/H11133760aa2f4eda99b1ff0d204ae4a8q/Original-Authentic-Nike-Air-Jordan-1-Retro-High-top-Men-s-Basketball-Shoes-OG-Fashion-Red.jpg,SportsOnline Store,https://www.aliexpress.com/store/5304005,5304005,2594,90.9%
Original Authentic Nike Air Jordan 1 Retro Hightop Mens Basketball Shoes OG Fashion Red White Breathable 2019 New,62.73 - 76.59,130.68 - 159.56,4.4,20,306,958,555088 081-175,10-1583,10,https://ae01.alicdn.com/kf/H11133760aa2f4eda99b1ff0d204ae4a8q/Original-Authentic-Nike-Air-Jordan-1-Retro-High-top-Men-s-Basketball-Shoes-OG-Fashion-Red.jpg,SportsOnline Store,https://www.aliexpress.com/store/5304005,5304005,2594,90.9%
Original Authentic Nike Air Jordan 1 Retro Hightop Mens Basketball Shoes OG Fashion Red White Breathable 2019 New,62.73 - 76.59,130.68 - 159.56,4.4,20,306,958,555088 081-175,9.5-200000290,11,https://ae01.alicdn.com/kf/H11133760aa2f4eda99b1ff0d204ae4a8q/Original-Authentic-Nike-Air-Jordan-1-Retro-High-top-Men-s-Basketball-Shoes-OG-Fashion-Red.jpg,SportsOnline Store,https://www.aliexpress.com/store/5304005,5304005,2594,90.9%
Original Authentic Nike Air Jordan 1 Retro Hightop Mens Basketball Shoes OG Fashion Red White Breathable 2019 New,62.73 - 76.59,130.68 - 159.56,4.4,20,306,958,555088 081-175,8.5-200000289,13,https://ae01.alicdn.com/kf/H11133760aa2f4eda99b1ff0d204ae4a8q/Original-Authentic-Nike-Air-Jordan-1-Retro-High-top-Men-s-Basketball-Shoes-OG-Fashion-Red.jpg,SportsOnline Store,https://www.aliexpress.com/store/5304005,5304005,2594,90.9%
Original Authentic Nike Air Jordan 1 Retro Hightop Mens Basketball Shoes OG Fashion Red White Breathable 2019 New,62.73 - 76.59,130.68 - 159.56,4.4,20,306,958,555088 081-175,8-699,10,https://ae01.alicdn.com/kf/H11133760aa2f4eda99b1ff0d204ae4a8q/Original-Authentic-Nike-Air-Jordan-1-Retro-High-top-Men-s-Basketball-Shoes-OG-Fashion-Red.jpg,SportsOnline Store,https://www.aliexpress.com/store/5304005,5304005,2594,90.9%
Original Authentic Nike Air Jordan 1 Retro Hightop Mens Basketball Shoes OG Fashion Red White Breathable 2019 New,62.73 - 76.59,130.68 - 159.56,4.4,20,306,958,555088 081-175,7-3434,13,https://ae01.alicdn.com/kf/H11133760aa2f4eda99b1ff0d204ae4a8q/Original-Authentic-Nike-Air-Jordan-1-Retro-High-top-Men-s-Basketball-Shoes-OG-Fashion-Red.jpg,SportsOnline Store,https://www.aliexpress.com/store/5304005,5304005,2594,90.9%
Original Authentic Nike Air Jordan 1 Retro Hightop Mens Basketball Shoes OG Fashion Red White Breathable 2019 New,62.73 - 76.59,130.68 - 159.56,4.4,20,306,958,555088 081-175,12-1663,9,https://ae01.alicdn.com/kf/H11133760aa2f4eda99b1ff0d204ae4a8q/Original-Authentic-Nike-Air-Jordan-1-Retro-High-top-Men-s-Basketball-Shoes-OG-Fashion-Red.jpg,SportsOnline Store,https://www.aliexpress.com/store/5304005,5304005,2594,90.9%
Original Authentic Nike Air Jordan 1 Retro Hightop Mens Basketball Shoes OG Fashion Red White Breathable 2019 New,62.73 - 76.59,130.68 - 159.56,4.4,20,306,958,554724-116-173,12-1663,9,https://ae01.alicdn.com/kf/H9ac53bf120f442048b2a9f7b485538bbl/Original-Authentic-Nike-Air-Jordan-1-Retro-High-top-Men-s-Basketball-Shoes-OG-Fashion-Red.jpg,SportsOnline Store,https://www.aliexpress.com/store/5304005,5304005,2594,90.9%
Original Authentic Nike Air Jordan 1 Retro Hightop Mens Basketball Shoes OG Fashion Red White Breathable 2019 New,62.73 - 76.59,130.68 - 159.56,4.4,20,306,958,554724-116-173,11-100010420,8,https://ae01.alicdn.com/kf/H9ac53bf120f442048b2a9f7b485538bbl/Original-Authentic-Nike-Air-Jordan-1-Retro-High-top-Men-s-Basketball-Shoes-OG-Fashion-Red.jpg,SportsOnline Store,https://www.aliexpress.com/store/5304005,5304005,2594,90.9%
Original Authentic Nike Air Jordan 1 Retro Hightop Mens Basketball Shoes OG Fashion Red White Breathable 2019 New,62.73 - 76.59,130.68 - 159.56,4.4,20,306,958,554724-116-173,10-1583,12,https://ae01.alicdn.com/kf/H9ac53bf120f442048b2a9f7b485538bbl/Original-Authentic-Nike-Air-Jordan-1-Retro-High-top-Men-s-Basketball-Shoes-OG-Fashion-Red.jpg,SportsOnline Store,https://www.aliexpress.com/store/5304005,5304005,2594,90.9%
Original Authentic Nike Air Jordan 1 Retro Hightop Mens Basketball Shoes OG Fashion Red White Breathable 2019 New,62.73 - 76.59,130.68 - 159.56,4.4,20,306,958,554724-116-173,9.5-200000290,9,https://ae01.alicdn.com/kf/H9ac53bf120f442048b2a9f7b485538bbl/Original-Authentic-Nike-Air-Jordan-1-Retro-High-top-Men-s-Basketball-Shoes-OG-Fashion-Red.jpg,SportsOnline Store,https://www.aliexpress.com/store/5304005,5304005,2594,90.9%
Original Authentic Nike Air Jordan 1 Retro Hightop Mens Basketball Shoes OG Fashion Red White Breathable 2019 New,62.73 - 76.59,130.68 - 159.56,4.4,20,306,958,554724-116-173,8.5-200000289,10,https://ae01.alicdn.com/kf/H9ac53bf120f442048b2a9f7b485538bbl/Original-Authentic-Nike-Air-Jordan-1-Retro-High-top-Men-s-Basketball-Shoes-OG-Fashion-Red.jpg,SportsOnline Store,https://www.aliexpress.com/store/5304005,5304005,2594,90.9%
Original Authentic Nike Air Jordan 1 Retro Hightop Mens Basketball Shoes OG Fashion Red White Breathable 2019 New,62.73 - 76.59,130.68 - 159.56,4.4,20,306,958,554724-116-173,8-699,13,https://ae01.alicdn.com/kf/H9ac53bf120f442048b2a9f7b485538bbl/Original-Authentic-Nike-Air-Jordan-1-Retro-High-top-Men-s-Basketball-Shoes-OG-Fashion-Red.jpg,SportsOnline Store,https://www.aliexpress.com/store/5304005,5304005,2594,90.9%
Original Authentic Nike Air Jordan 1 Retro Hightop Mens Basketball Shoes OG Fashion Red White Breathable 2019 New,62.73 - 76.59,130.68 - 159.56,4.4,20,306,958,554724-116-173,7-3434,10,https://ae01.alicdn.com/kf/H9ac53bf120f442048b2a9f7b485538bbl/Original-Authentic-Nike-Air-Jordan-1-Retro-High-top-Men-s-Basketball-Shoes-OG-Fashion-Red.jpg,SportsOnline Store,https://www.aliexpress.com/store/5304005,5304005,2594,90.9%
Original Authentic Nike Air Jordan 1 Retro Hightop Mens Basketball Shoes OG Fashion Red White Breathable 2019 New,62.73 - 76.59,130.68 - 159.56,4.4,20,306,958,554724-054-193,12-1663,10,https://ae01.alicdn.com/kf/H375fbcf18066441f92f4b8a7a63cda57b/Original-Authentic-Nike-Air-Jordan-1-Retro-High-top-Men-s-Basketball-Shoes-OG-Fashion-Red.jpg,SportsOnline Store,https://www.aliexpress.com/store/5304005,5304005,2594,90.9%
Original Authentic Nike Air Jordan 1 Retro Hightop Mens Basketball Shoes OG Fashion Red White Breathable 2019 New,62.73 - 76.59,130.68 - 159.56,4.4,20,306,958,554724-054-193,11-100010420,10,https://ae01.alicdn.com/kf/H375fbcf18066441f92f4b8a7a63cda57b/Original-Authentic-Nike-Air-Jordan-1-Retro-High-top-Men-s-Basketball-Shoes-OG-Fashion-Red.jpg,SportsOnline Store,https://www.aliexpress.com/store/5304005,5304005,2594,90.9%
Original Authentic Nike Air Jordan 1 Retro Hightop Mens Basketball Shoes OG Fashion Red White Breathable 2019 New,62.73 - 76.59,130.68 - 159.56,4.4,20,306,958,554724-054-193,10-1583,8,https://ae01.alicdn.com/kf/H375fbcf18066441f92f4b8a7a63cda57b/Original-Authentic-Nike-Air-Jordan-1-Retro-High-top-Men-s-Basketball-Shoes-OG-Fashion-Red.jpg,SportsOnline Store,https://www.aliexpress.com/store/5304005,5304005,2594,90.9%
Original Authentic Nike Air Jordan 1 Retro Hightop Mens Basketball Shoes OG Fashion Red White Breathable 2019 New,62.73 - 76.59,130.68 - 159.56,4.4,20,306,958,554724-054-193,9.5-200000290,11,https://ae01.alicdn.com/kf/H375fbcf18066441f92f4b8a7a63cda57b/Original-Authentic-Nike-Air-Jordan-1-Retro-High-top-Men-s-Basketball-Shoes-OG-Fashion-Red.jpg,SportsOnline Store,https://www.aliexpress.com/store/5304005,5304005,2594,90.9%
Original Authentic Nike Air Jordan 1 Retro Hightop Mens Basketball Shoes OG Fashion Red White Breathable 2019 New,62.73 - 76.59,130.68 - 159.56,4.4,20,306,958,554724-054-193,8.5-200000289,12,https://ae01.alicdn.com/kf/H375fbcf18066441f92f4b8a7a63cda57b/Original-Authentic-Nike-Air-Jordan-1-Retro-High-top-Men-s-Basketball-Shoes-OG-Fashion-Red.jpg,SportsOnline Store,https://www.aliexpress.com/store/5304005,5304005,2594,90.9%
Original Authentic Nike Air Jordan 1 Retro Hightop Mens Basketball Shoes OG Fashion Red White Breathable 2019 New,62.73 - 76.59,130.68 - 159.56,4.4,20,306,958,554724-054-193,8-699,9,https://ae01.alicdn.com/kf/H375fbcf18066441f92f4b8a7a63cda57b/Original-Authentic-Nike-Air-Jordan-1-Retro-High-top-Men-s-Basketball-Shoes-OG-Fashion-Red.jpg,SportsOnline Store,https://www.aliexpress.com/store/5304005,5304005,2594,90.9%
Original Authentic Nike Air Jordan 1 Retro Hightop Mens Basketball Shoes OG Fashion Red White Breathable 2019 New,62.73 - 76.59,130.68 - 159.56,4.4,20,306,958,554724-054-193,7-3434,10,https://ae01.alicdn.com/kf/H375fbcf18066441f92f4b8a7a63cda57b/Original-Authentic-Nike-Air-Jordan-1-Retro-High-top-Men-s-Basketball-Shoes-OG-Fashion-Red.jpg,SportsOnline Store,https://www.aliexpress.com/store/5304005,5304005,2594,90.9%
Original Authentic Nike Air Jordan 1 Retro Hightop Mens Basketball Shoes OG Fashion Red White Breathable 2019 New,62.73 - 76.59,130.68 - 159.56,4.4,20,306,958,554724-129-365458,7-3434,10,https://ae01.alicdn.com/kf/H80e660e1827348f2836484cad798b8ceH/Original-Authentic-Nike-Air-Jordan-1-Retro-High-top-Men-s-Basketball-Shoes-OG-Fashion-Red.jpg,SportsOnline Store,https://www.aliexpress.com/store/5304005,5304005,2594,90.9%
Original Authentic Nike Air Jordan 1 Retro Hightop Mens Basketball Shoes OG Fashion Red White Breathable 2019 New,62.73 - 76.59,130.68 - 159.56,4.4,20,306,958,554724-129-365458,12-1663,10,https://ae01.alicdn.com/kf/H80e660e1827348f2836484cad798b8ceH/Original-Authentic-Nike-Air-Jordan-1-Retro-High-top-Men-s-Basketball-Shoes-OG-Fashion-Red.jpg,SportsOnline Store,https://www.aliexpress.com/store/5304005,5304005,2594,90.9%
Original Authentic Nike Air Jordan 1 Retro Hightop Mens Basketball Shoes OG Fashion Red White Breathable 2019 New,62.73 - 76.59,130.68 - 159.56,4.4,20,306,958,554724-129-365458,11-100010420,9,https://ae01.alicdn.com/kf/H80e660e1827348f2836484cad798b8ceH/Original-Authentic-Nike-Air-Jordan-1-Retro-High-top-Men-s-Basketball-Shoes-OG-Fashion-Red.jpg,SportsOnline Store,https://www.aliexpress.com/store/5304005,5304005,2594,90.9%
Original Authentic Nike Air Jordan 1 Retro Hightop Mens Basketball Shoes OG Fashion Red White Breathable 2019 New,62.73 - 76.59,130.68 - 159.56,4.4,20,306,958,554724-129-365458,10-1583,9,https://ae01.alicdn.com/kf/H80e660e1827348f2836484cad798b8ceH/Original-Authentic-Nike-Air-Jordan-1-Retro-High-top-Men-s-Basketball-Shoes-OG-Fashion-Red.jpg,SportsOnline Store,https://www.aliexpress.com/store/5304005,5304005,2594,90.9%
Original Authentic Nike Air Jordan 1 Retro Hightop Mens Basketball Shoes OG Fashion Red White Breathable 2019 New,62.73 - 76.59,130.68 - 159.56,4.4,20,306,958,554724-129-365458,9.5-200000290,10,https://ae01.alicdn.com/kf/H80e660e1827348f2836484cad798b8ceH/Original-Authentic-Nike-Air-Jordan-1-Retro-High-top-Men-s-Basketball-Shoes-OG-Fashion-Red.jpg,SportsOnline Store,https://www.aliexpress.com/store/5304005,5304005,2594,90.9%
Original Authentic Nike Air Jordan 1 Retro Hightop Mens Basketball Shoes OG Fashion Red White Breathable 2019 New,62.73 - 76.59,130.68 - 159.56,4.4,20,306,958,554724-129-365458,8.5-200000289,10,https://ae01.alicdn.com/kf/H80e660e1827348f2836484cad798b8ceH/Original-Authentic-Nike-Air-Jordan-1-Retro-High-top-Men-s-Basketball-Shoes-OG-Fashion-Red.jpg,SportsOnline Store,https://www.aliexpress.com/store/5304005,5304005,2594,90.9%
Original Authentic Nike Air Jordan 1 Retro Hightop Mens Basketball Shoes OG Fashion Red White Breathable 2019 New,62.73 - 76.59,130.68 - 159.56,4.4,20,306,958,554724-129-365458,8-699,8,https://ae01.alicdn.com/kf/H80e660e1827348f2836484cad798b8ceH/Original-Authentic-Nike-Air-Jordan-1-Retro-High-top-Men-s-Basketball-Shoes-OG-Fashion-Red.jpg,SportsOnline Store,https://www.aliexpress.com/store/5304005,5304005,2594,90.9%
Original Authentic Nike Air Jordan 1 Retro Hightop Mens Basketball Shoes OG Fashion Red White Breathable 2019 New,62.73 - 76.59,130.68 - 159.56,4.4,20,306,958,852542-005-1254,12-1663,13,https://ae01.alicdn.com/kf/H8c94ca27a47943a5b2fd4d9bc9186d349/Original-Authentic-Nike-Air-Jordan-1-Retro-High-top-Men-s-Basketball-Shoes-OG-Fashion-Red.jpg,SportsOnline Store,https://www.aliexpress.com/store/5304005,5304005,2594,90.9%
Original Authentic Nike Air Jordan 1 Retro Hightop Mens Basketball Shoes OG Fashion Red White Breathable 2019 New,62.73 - 76.59,130.68 - 159.56,4.4,20,306,958,852542-005-1254,11-100010420,13,https://ae01.alicdn.com/kf/H8c94ca27a47943a5b2fd4d9bc9186d349/Original-Authentic-Nike-Air-Jordan-1-Retro-High-top-Men-s-Basketball-Shoes-OG-Fashion-Red.jpg,SportsOnline Store,https://www.aliexpress.com/store/5304005,5304005,2594,90.9%
Original Authentic Nike Air Jordan 1 Retro Hightop Mens Basketball Shoes OG Fashion Red White Breathable 2019 New,62.73 - 76.59,130.68 - 159.56,4.4,20,306,958,852542-005-1254,10-1583,9,https://ae01.alicdn.com/kf/H8c94ca27a47943a5b2fd4d9bc9186d349/Original-Authentic-Nike-Air-Jordan-1-Retro-High-top-Men-s-Basketball-Shoes-OG-Fashion-Red.jpg,SportsOnline Store,https://www.aliexpress.com/store/5304005,5304005,2594,90.9%
Original Authentic Nike Air Jordan 1 Retro Hightop Mens Basketball Shoes OG Fashion Red White Breathable 2019 New,62.73 - 76.59,130.68 - 159.56,4.4,20,306,958,852542-005-1254,9.5-200000290,12,https://ae01.alicdn.com/kf/H8c94ca27a47943a5b2fd4d9bc9186d349/Original-Authentic-Nike-Air-Jordan-1-Retro-High-top-Men-s-Basketball-Shoes-OG-Fashion-Red.jpg,SportsOnline Store,https://www.aliexpress.com/store/5304005,5304005,2594,90.9%
Original Authentic Nike Air Jordan 1 Retro Hightop Mens Basketball Shoes OG Fashion Red White Breathable 2019 New,62.73 - 76.59,130.68 - 159.56,4.4,20,306,958,852542-005-1254,8.5-200000289,13,https://ae01.alicdn.com/kf/H8c94ca27a47943a5b2fd4d9bc9186d349/Original-Authentic-Nike-Air-Jordan-1-Retro-High-top-Men-s-Basketball-Shoes-OG-Fashion-Red.jpg,SportsOnline Store,https://www.aliexpress.com/store/5304005,5304005,2594,90.9%
Original Authentic Nike Air Jordan 1 Retro Hightop Mens Basketball Shoes OG Fashion Red White Breathable 2019 New,62.73 - 76.59,130.68 - 159.56,4.4,20,306,958,852542-005-1254,8-699,10,https://ae01.alicdn.com/kf/H8c94ca27a47943a5b2fd4d9bc9186d349/Original-Authentic-Nike-Air-Jordan-1-Retro-High-top-Men-s-Basketball-Shoes-OG-Fashion-Red.jpg,SportsOnline Store,https://www.aliexpress.com/store/5304005,5304005,2594,90.9%
Original Authentic Nike Air Jordan 1 Retro Hightop Mens Basketball Shoes OG Fashion Red White Breathable 2019 New,62.73 - 76.59,130.68 - 159.56,4.4,20,306,958,852542-005-1254,7-3434,10,https://ae01.alicdn.com/kf/H8c94ca27a47943a5b2fd4d9bc9186d349/Original-Authentic-Nike-Air-Jordan-1-Retro-High-top-Men-s-Basketball-Shoes-OG-Fashion-Red.jpg,SportsOnline Store,https://www.aliexpress.com/store/5304005,5304005,2594,90.9%
Original Authentic Nike Air Jordan 1 Retro Hightop Mens Basketball Shoes OG Fashion Red White Breathable 2019 New,62.73 - 76.59,130.68 - 159.56,4.4,20,306,958,553558-116-771,10-1583,11,https://ae01.alicdn.com/kf/H91a78f051f834fffbe833a18b3132a8bh/Original-Authentic-Nike-Air-Jordan-1-Retro-High-top-Men-s-Basketball-Shoes-OG-Fashion-Red.jpg,SportsOnline Store,https://www.aliexpress.com/store/5304005,5304005,2594,90.9%
Original Authentic Nike Air Jordan 1 Retro Hightop Mens Basketball Shoes OG Fashion Red White Breathable 2019 New,62.73 - 76.59,130.68 - 159.56,4.4,20,306,958,553558-116-771,9.5-200000290,13,https://ae01.alicdn.com/kf/H91a78f051f834fffbe833a18b3132a8bh/Original-Authentic-Nike-Air-Jordan-1-Retro-High-top-Men-s-Basketball-Shoes-OG-Fashion-Red.jpg,SportsOnline Store,https://www.aliexpress.com/store/5304005,5304005,2594,90.9%
Original Authentic Nike Air Jordan 1 Retro Hightop Mens Basketball Shoes OG Fashion Red White Breathable 2019 New,62.73 - 76.59,130.68 - 159.56,4.4,20,306,958,553558-116-771,8.5-200000289,9,https://ae01.alicdn.com/kf/H91a78f051f834fffbe833a18b3132a8bh/Original-Authentic-Nike-Air-Jordan-1-Retro-High-top-Men-s-Basketball-Shoes-OG-Fashion-Red.jpg,SportsOnline Store,https://www.aliexpress.com/store/5304005,5304005,2594,90.9%
Original Authentic Nike Air Jordan 1 Retro Hightop Mens Basketball Shoes OG Fashion Red White Breathable 2019 New,62.73 - 76.59,130.68 - 159.56,4.4,20,306,958,553558-116-771,8-699,8,https://ae01.alicdn.com/kf/H91a78f051f834fffbe833a18b3132a8bh/Original-Authentic-Nike-Air-Jordan-1-Retro-High-top-Men-s-Basketball-Shoes-OG-Fashion-Red.jpg,SportsOnline Store,https://www.aliexpress.com/store/5304005,5304005,2594,90.9%
Original Authentic Nike Air Jordan 1 Retro Hightop Mens Basketball Shoes OG Fashion Red White Breathable 2019 New,62.73 - 76.59,130.68 - 159.56,4.4,20,306,958,553558-116-771,7-3434,10,https://ae01.alicdn.com/kf/H91a78f051f834fffbe833a18b3132a8bh/Original-Authentic-Nike-Air-Jordan-1-Retro-High-top-Men-s-Basketball-Shoes-OG-Fashion-Red.jpg,SportsOnline Store,https://www.aliexpress.com/store/5304005,5304005,2594,90.9%
Original Authentic Nike Air Jordan 1 Retro Hightop Mens Basketball Shoes OG Fashion Red White Breathable 2019 New,62.73 - 76.59,130.68 - 159.56,4.4,20,306,958,553558-116-771,12-1663,9,https://ae01.alicdn.com/kf/H91a78f051f834fffbe833a18b3132a8bh/Original-Authentic-Nike-Air-Jordan-1-Retro-High-top-Men-s-Basketball-Shoes-OG-Fashion-Red.jpg,SportsOnline Store,https://www.aliexpress.com/store/5304005,5304005,2594,90.9%
Original Authentic Nike Air Jordan 1 Retro Hightop Mens Basketball Shoes OG Fashion Red White Breathable 2019 New,62.73 - 76.59,130.68 - 159.56,4.4,20,306,958,553558-116-771,11-100010420,10,https://ae01.alicdn.com/kf/H91a78f051f834fffbe833a18b3132a8bh/Original-Authentic-Nike-Air-Jordan-1-Retro-High-top-Men-s-Basketball-Shoes-OG-Fashion-Red.jpg,SportsOnline Store,https://www.aliexpress.com/store/5304005,5304005,2594,90.9%
Original Authentic Nike Air Jordan 1 Retro Hightop Mens Basketball Shoes OG Fashion Red White Breathable 2019 New,62.73 - 76.59,130.68 - 159.56,4.4,20,306,958,CD4487 100-200004889,11-100010420,9,https://ae01.alicdn.com/kf/H0c7212958bd141ca8930d7c40c361115N/Original-Authentic-Nike-Air-Jordan-1-Retro-High-top-Men-s-Basketball-Shoes-OG-Fashion-Red.jpg,SportsOnline Store,https://www.aliexpress.com/store/5304005,5304005,2594,90.9%
Original Authentic Nike Air Jordan 1 Retro Hightop Mens Basketball Shoes OG Fashion Red White Breathable 2019 New,62.73 - 76.59,130.68 - 159.56,4.4,20,306,958,CD4487 100-200004889,10-1583,14,https://ae01.alicdn.com/kf/H0c7212958bd141ca8930d7c40c361115N/Original-Authentic-Nike-Air-Jordan-1-Retro-High-top-Men-s-Basketball-Shoes-OG-Fashion-Red.jpg,SportsOnline Store,https://www.aliexpress.com/store/5304005,5304005,2594,90.9%
Original Authentic Nike Air Jordan 1 Retro Hightop Mens Basketball Shoes OG Fashion Red White Breathable 2019 New,62.73 - 76.59,130.68 - 159.56,4.4,20,306,958,CD4487 100-200004889,12-1663,11,https://ae01.alicdn.com/kf/H0c7212958bd141ca8930d7c40c361115N/Original-Authentic-Nike-Air-Jordan-1-Retro-High-top-Men-s-Basketball-Shoes-OG-Fashion-Red.jpg,SportsOnline Store,https://www.aliexpress.com/store/5304005,5304005,2594,90.9%
Original Authentic Nike Air Jordan 1 Retro Hightop Mens Basketball Shoes OG Fashion Red White Breathable 2019 New,62.73 - 76.59,130.68 - 159.56,4.4,20,306,958,CD4487 100-200004889,8-699,11,https://ae01.alicdn.com/kf/H0c7212958bd141ca8930d7c40c361115N/Original-Authentic-Nike-Air-Jordan-1-Retro-High-top-Men-s-Basketball-Shoes-OG-Fashion-Red.jpg,SportsOnline Store,https://www.aliexpress.com/store/5304005,5304005,2594,90.9%
Original Authentic Nike Air Jordan 1 Retro Hightop Mens Basketball Shoes OG Fashion Red White Breathable 2019 New,62.73 - 76.59,130.68 - 159.56,4.4,20,306,958,CD4487 100-200004889,7-3434,9,https://ae01.alicdn.com/kf/H0c7212958bd141ca8930d7c40c361115N/Original-Authentic-Nike-Air-Jordan-1-Retro-High-top-Men-s-Basketball-Shoes-OG-Fashion-Red.jpg,SportsOnline Store,https://www.aliexpress.com/store/5304005,5304005,2594,90.9%
Original Authentic Nike Air Jordan 1 Retro Hightop Mens Basketball Shoes OG Fashion Red White Breathable 2019 New,62.73 - 76.59,130.68 - 159.56,4.4,20,306,958,CD4487 100-200004889,9.5-200000290,14,https://ae01.alicdn.com/kf/H0c7212958bd141ca8930d7c40c361115N/Original-Authentic-Nike-Air-Jordan-1-Retro-High-top-Men-s-Basketball-Shoes-OG-Fashion-Red.jpg,SportsOnline Store,https://www.aliexpress.com/store/5304005,5304005,2594,90.9%
Original Authentic Nike Air Jordan 1 Retro Hightop Mens Basketball Shoes OG Fashion Red White Breathable 2019 New,62.73 - 76.59,130.68 - 159.56,4.4,20,306,958,CD4487 100-200004889,8.5-200000289,10,https://ae01.alicdn.com/kf/H0c7212958bd141ca8930d7c40c361115N/Original-Authentic-Nike-Air-Jordan-1-Retro-High-top-Men-s-Basketball-Shoes-OG-Fashion-Red.jpg,SportsOnline Store,https://www.aliexpress.com/store/5304005,5304005,2594,90.9%
Original Authentic Nike Air Jordan 1 Retro Hightop Mens Basketball Shoes OG Fashion Red White Breathable 2019 New,62.73 - 76.59,130.68 - 159.56,4.4,20,306,958,CQ4277 001-200003699,7-3434,13,https://ae01.alicdn.com/kf/H22f3b00f0f9b4011a74b09c58e67d51fi/Original-Authentic-Nike-Air-Jordan-1-Retro-High-top-Men-s-Basketball-Shoes-OG-Fashion-Red.jpg,SportsOnline Store,https://www.aliexpress.com/store/5304005,5304005,2594,90.9%
Original Authentic Nike Air Jordan 1 Retro Hightop Mens Basketball Shoes OG Fashion Red White Breathable 2019 New,62.73 - 76.59,130.68 - 159.56,4.4,20,306,958,CQ4277 001-200003699,8.5-200000289,8,https://ae01.alicdn.com/kf/H22f3b00f0f9b4011a74b09c58e67d51fi/Original-Authentic-Nike-Air-Jordan-1-Retro-High-top-Men-s-Basketball-Shoes-OG-Fashion-Red.jpg,SportsOnline Store,https://www.aliexpress.com/store/5304005,5304005,2594,90.9%
Original Authentic Nike Air Jordan 1 Retro Hightop Mens Basketball Shoes OG Fashion Red White Breathable 2019 New,62.73 - 76.59,130.68 - 159.56,4.4,20,306,958,CQ4277 001-200003699,8-699,12,https://ae01.alicdn.com/kf/H22f3b00f0f9b4011a74b09c58e67d51fi/Original-Authentic-Nike-Air-Jordan-1-Retro-High-top-Men-s-Basketball-Shoes-OG-Fashion-Red.jpg,SportsOnline Store,https://www.aliexpress.com/store/5304005,5304005,2594,90.9%
Original Authentic Nike Air Jordan 1 Retro Hightop Mens Basketball Shoes OG Fashion Red White Breathable 2019 New,62.73 - 76.59,130.68 - 159.56,4.4,20,306,958,CQ4277 001-200003699,10-1583,13,https://ae01.alicdn.com/kf/H22f3b00f0f9b4011a74b09c58e67d51fi/Original-Authentic-Nike-Air-Jordan-1-Retro-High-top-Men-s-Basketball-Shoes-OG-Fashion-Red.jpg,SportsOnline Store,https://www.aliexpress.com/store/5304005,5304005,2594,90.9%
Original Authentic Nike Air Jordan 1 Retro Hightop Mens Basketball Shoes OG Fashion Red White Breathable 2019 New,62.73 - 76.59,130.68 - 159.56,4.4,20,306,958,CQ4277 001-200003699,9.5-200000290,13,https://ae01.alicdn.com/kf/H22f3b00f0f9b4011a74b09c58e67d51fi/Original-Authentic-Nike-Air-Jordan-1-Retro-High-top-Men-s-Basketball-Shoes-OG-Fashion-Red.jpg,SportsOnline Store,https://www.aliexpress.com/store/5304005,5304005,2594,90.9%
Original Authentic Nike Air Jordan 1 Retro Hightop Mens Basketball Shoes OG Fashion Red White Breathable 2019 New,62.73 - 76.59,130.68 - 159.56,4.4,20,306,958,CQ4277 001-200003699,12-1663,10,https://ae01.alicdn.com/kf/H22f3b00f0f9b4011a74b09c58e67d51fi/Original-Authentic-Nike-Air-Jordan-1-Retro-High-top-Men-s-Basketball-Shoes-OG-Fashion-Red.jpg,SportsOnline Store,https://www.aliexpress.com/store/5304005,5304005,2594,90.9%
Original Authentic Nike Air Jordan 1 Retro Hightop Mens Basketball Shoes OG Fashion Red White Breathable 2019 New,62.73 - 76.59,130.68 - 159.56,4.4,20,306,958,CQ4277 001-200003699,11-100010420,12,https://ae01.alicdn.com/kf/H22f3b00f0f9b4011a74b09c58e67d51fi/Original-Authentic-Nike-Air-Jordan-1-Retro-High-top-Men-s-Basketball-Shoes-OG-Fashion-Red.jpg,SportsOnline Store,https://www.aliexpress.com/store/5304005,5304005,2594,90.9%
Original Authentic Nike Air Jordan 1 Retro Hightop Mens Basketball Shoes OG Fashion Red White Breathable 2019 New,62.73 - 76.59,130.68 - 159.56,4.4,20,306,958,553558-112-200002130,12-1663,10,https://ae01.alicdn.com/kf/Hc8a461f6ce52416f82da6d02d685d714x/Original-Authentic-Nike-Air-Jordan-1-Retro-High-top-Men-s-Basketball-Shoes-OG-Fashion-Red.jpg,SportsOnline Store,https://www.aliexpress.com/store/5304005,5304005,2594,90.9%
Original Authentic Nike Air Jordan 1 Retro Hightop Mens Basketball Shoes OG Fashion Red White Breathable 2019 New,62.73 - 76.59,130.68 - 159.56,4.4,20,306,958,553558-112-200002130,11-100010420,10,https://ae01.alicdn.com/kf/Hc8a461f6ce52416f82da6d02d685d714x/Original-Authentic-Nike-Air-Jordan-1-Retro-High-top-Men-s-Basketball-Shoes-OG-Fashion-Red.jpg,SportsOnline Store,https://www.aliexpress.com/store/5304005,5304005,2594,90.9%
Original Authentic Nike Air Jordan 1 Retro Hightop Mens Basketball Shoes OG Fashion Red White Breathable 2019 New,62.73 - 76.59,130.68 - 159.56,4.4,20,306,958,553558-112-200002130,10-1583,10,https://ae01.alicdn.com/kf/Hc8a461f6ce52416f82da6d02d685d714x/Original-Authentic-Nike-Air-Jordan-1-Retro-High-top-Men-s-Basketball-Shoes-OG-Fashion-Red.jpg,SportsOnline Store,https://www.aliexpress.com/store/5304005,5304005,2594,90.9%
Original Authentic Nike Air Jordan 1 Retro Hightop Mens Basketball Shoes OG Fashion Red White Breathable 2019 New,62.73 - 76.59,130.68 - 159.56,4.4,20,306,958,553558-112-200002130,9.5-200000290,9,https://ae01.alicdn.com/kf/Hc8a461f6ce52416f82da6d02d685d714x/Original-Authentic-Nike-Air-Jordan-1-Retro-High-top-Men-s-Basketball-Shoes-OG-Fashion-Red.jpg,SportsOnline Store,https://www.aliexpress.com/store/5304005,5304005,2594,90.9%
Original Authentic Nike Air Jordan 1 Retro Hightop Mens Basketball Shoes OG Fashion Red White Breathable 2019 New,62.73 - 76.59,130.68 - 159.56,4.4,20,306,958,553558-112-200002130,8.5-200000289,10,https://ae01.alicdn.com/kf/Hc8a461f6ce52416f82da6d02d685d714x/Original-Authentic-Nike-Air-Jordan-1-Retro-High-top-Men-s-Basketball-Shoes-OG-Fashion-Red.jpg,SportsOnline Store,https://www.aliexpress.com/store/5304005,5304005,2594,90.9%
Original Authentic Nike Air Jordan 1 Retro Hightop Mens Basketball Shoes OG Fashion Red White Breathable 2019 New,62.73 - 76.59,130.68 - 159.56,4.4,20,306,958,553558-112-200002130,8-699,9,https://ae01.alicdn.com/kf/Hc8a461f6ce52416f82da6d02d685d714x/Original-Authentic-Nike-Air-Jordan-1-Retro-High-top-Men-s-Basketball-Shoes-OG-Fashion-Red.jpg,SportsOnline Store,https://www.aliexpress.com/store/5304005,5304005,2594,90.9%
Original Authentic Nike Air Jordan 1 Retro Hightop Mens Basketball Shoes OG Fashion Red White Breathable 2019 New,62.73 - 76.59,130.68 - 159.56,4.4,20,306,958,553558-112-200002130,7-3434,10,https://ae01.alicdn.com/kf/Hc8a461f6ce52416f82da6d02d685d714x/Original-Authentic-Nike-Air-Jordan-1-Retro-High-top-Men-s-Basketball-Shoes-OG-Fashion-Red.jpg,SportsOnline Store,https://www.aliexpress.com/store/5304005,5304005,2594,90.9%
Original Authentic Nike Air Jordan 1 Retro Hightop Mens Basketball Shoes OG Fashion Red White Breathable 2019 New,62.73 - 76.59,130.68 - 159.56,4.4,20,306,958,554724-700-100018786,8-699,11,https://ae01.alicdn.com/kf/H201fd85e1bc24262b2ad5d61dc717f964/Original-Authentic-Nike-Air-Jordan-1-Retro-High-top-Men-s-Basketball-Shoes-OG-Fashion-Red.jpg,SportsOnline Store,https://www.aliexpress.com/store/5304005,5304005,2594,90.9%
Original Authentic Nike Air Jordan 1 Retro Hightop Mens Basketball Shoes OG Fashion Red White Breathable 2019 New,62.73 - 76.59,130.68 - 159.56,4.4,20,306,958,554724-700-100018786,7-3434,9,https://ae01.alicdn.com/kf/H201fd85e1bc24262b2ad5d61dc717f964/Original-Authentic-Nike-Air-Jordan-1-Retro-High-top-Men-s-Basketball-Shoes-OG-Fashion-Red.jpg,SportsOnline Store,https://www.aliexpress.com/store/5304005,5304005,2594,90.9%
Original Authentic Nike Air Jordan 1 Retro Hightop Mens Basketball Shoes OG Fashion Red White Breathable 2019 New,62.73 - 76.59,130.68 - 159.56,4.4,20,306,958,554724-700-100018786,12-1663,13,https://ae01.alicdn.com/kf/H201fd85e1bc24262b2ad5d61dc717f964/Original-Authentic-Nike-Air-Jordan-1-Retro-High-top-Men-s-Basketball-Shoes-OG-Fashion-Red.jpg,SportsOnline Store,https://www.aliexpress.com/store/5304005,5304005,2594,90.9%
Original Authentic Nike Air Jordan 1 Retro Hightop Mens Basketball Shoes OG Fashion Red White Breathable 2019 New,62.73 - 76.59,130.68 - 159.56,4.4,20,306,958,554724-700-100018786,11-100010420,10,https://ae01.alicdn.com/kf/H201fd85e1bc24262b2ad5d61dc717f964/Original-Authentic-Nike-Air-Jordan-1-Retro-High-top-Men-s-Basketball-Shoes-OG-Fashion-Red.jpg,SportsOnline Store,https://www.aliexpress.com/store/5304005,5304005,2594,90.9%
Original Authentic Nike Air Jordan 1 Retro Hightop Mens Basketball Shoes OG Fashion Red White Breathable 2019 New,62.73 - 76.59,130.68 - 159.56,4.4,20,306,958,554724-700-100018786,10-1583,10,https://ae01.alicdn.com/kf/H201fd85e1bc24262b2ad5d61dc717f964/Original-Authentic-Nike-Air-Jordan-1-Retro-High-top-Men-s-Basketball-Shoes-OG-Fashion-Red.jpg,SportsOnline Store,https://www.aliexpress.com/store/5304005,5304005,2594,90.9%
Original Authentic Nike Air Jordan 1 Retro Hightop Mens Basketball Shoes OG Fashion Red White Breathable 2019 New,62.73 - 76.59,130.68 - 159.56,4.4,20,306,958,554724-700-100018786,9.5-200000290,9,https://ae01.alicdn.com/kf/H201fd85e1bc24262b2ad5d61dc717f964/Original-Authentic-Nike-Air-Jordan-1-Retro-High-top-Men-s-Basketball-Shoes-OG-Fashion-Red.jpg,SportsOnline Store,https://www.aliexpress.com/store/5304005,5304005,2594,90.9%
Original Authentic Nike Air Jordan 1 Retro Hightop Mens Basketball Shoes OG Fashion Red White Breathable 2019 New,62.73 - 76.59,130.68 - 159.56,4.4,20,306,958,554724-700-100018786,8.5-200000289,10,https://ae01.alicdn.com/kf/H201fd85e1bc24262b2ad5d61dc717f964/Original-Authentic-Nike-Air-Jordan-1-Retro-High-top-Men-s-Basketball-Shoes-OG-Fashion-Red.jpg,SportsOnline Store,https://www.aliexpress.com/store/5304005,5304005,2594,90.9%
